<metadata xml:lang="en"><Esri><CreaDate>20230202</CreaDate><CreaTime>12593800</CreaTime><ArcGISFormat>1.0</ArcGISFormat><SyncOnce>FALSE</SyncOnce><DataProperties><lineage><Process ToolSource="c:\program files\arcgis\pro\Resources\ArcToolbox\toolboxes\Conversion Tools.tbx\JSONToFeatures" Date="20230202" Time="125938">JSONToFeatures C:\Users\506076901\Documents\LA_County_Parcels.geojson\LA_County_Parcels.geojson C:\Users\506076901\Documents\ArcGIS\Projects\UP221_LA_County_Parcels\UP221_LA_County_Parcels.gdb\LA_County_Parcels_Feature Polygon</Process><Process ToolSource="c:\program files\arcgis\pro\Resources\ArcToolbox\toolboxes\Analysis Tools.tbx\Clip" Date="20230202" Time="130912">Clip LA_County_Parcels_Feature LA_Times_Chinatown_Neighborhood_Boundaries C:\Users\506076901\Documents\ArcGIS\Projects\UP221_LA_County_Parcels\UP221_LA_County_Parcels.gdb\LA_County_Parcels_Feature_Clip #</Process><Process ToolSource="c:\program files\arcgis\pro\Resources\ArcToolbox\toolboxes\Conversion Tools.tbx\FeatureClassToFeatureClass" Date="20230202" Time="131013">FeatureClassToFeatureClass LA_County_Parcels_Feature_Clip E:\UP221 LA_County_Parcels_Feature_Clip.shp # "OBJECTID_1 "OBJECTID_1" true true false 8 Double 0 0,First,#,LA_County_Parcels_Feature_Clip,OBJECTID_1,-1,-1;AIN "AIN" true true false 2000000000 Text 0 0,First,#,LA_County_Parcels_Feature_Clip,AIN,0,2000000000;APN "APN" true true false 2000000000 Text 0 0,First,#,LA_County_Parcels_Feature_Clip,APN,0,2000000000;SitusHouseNo "SitusHouseNo" true true false 2000000000 Text 0 0,First,#,LA_County_Parcels_Feature_Clip,SitusHouseNo,0,2000000000;SitusFraction "SitusFraction" true true false 2000000000 Text 0 0,First,#,LA_County_Parcels_Feature_Clip,SitusFraction,0,2000000000;SitusDirection "SitusDirection" true true false 2000000000 Text 0 0,First,#,LA_County_Parcels_Feature_Clip,SitusDirection,0,2000000000;SitusUnit "SitusUnit" true true false 2000000000 Text 0 0,First,#,LA_County_Parcels_Feature_Clip,SitusUnit,0,2000000000;SitusStreet "SitusStreet" true true false 2000000000 Text 0 0,First,#,LA_County_Parcels_Feature_Clip,SitusStreet,0,2000000000;SitusAddress "SitusAddress" true true false 2000000000 Text 0 0,First,#,LA_County_Parcels_Feature_Clip,SitusAddress,0,2000000000;SitusCity "SitusCity" true true false 2000000000 Text 0 0,First,#,LA_County_Parcels_Feature_Clip,SitusCity,0,2000000000;SitusZIP "SitusZIP" true true false 2000000000 Text 0 0,First,#,LA_County_Parcels_Feature_Clip,SitusZIP,0,2000000000;SitusFullAddress "SitusFullAddress" true true false 2000000000 Text 0 0,First,#,LA_County_Parcels_Feature_Clip,SitusFullAddress,0,2000000000;TaxRateArea "TaxRateArea" true true false 2000000000 Text 0 0,First,#,LA_County_Parcels_Feature_Clip,TaxRateArea,0,2000000000;TaxRateCity "TaxRateCity" true true false 2000000000 Text 0 0,First,#,LA_County_Parcels_Feature_Clip,TaxRateCity,0,2000000000;AgencyClassNo "AgencyClassNo" true true false 2000000000 Text 0 0,First,#,LA_County_Parcels_Feature_Clip,AgencyClassNo,0,2000000000;AgencyName "AgencyName" true true false 2000000000 Text 0 0,First,#,LA_County_Parcels_Feature_Clip,AgencyName,0,2000000000;AgencyType "AgencyType" true true false 2000000000 Text 0 0,First,#,LA_County_Parcels_Feature_Clip,AgencyType,0,2000000000;UseCode "UseCode" true true false 2000000000 Text 0 0,First,#,LA_County_Parcels_Feature_Clip,UseCode,0,2000000000;UseCode_2 "UseCode_2" true true false 2000000000 Text 0 0,First,#,LA_County_Parcels_Feature_Clip,UseCode_2,0,2000000000;UseType "UseType" true true false 2000000000 Text 0 0,First,#,LA_County_Parcels_Feature_Clip,UseType,0,2000000000;UseDescription "UseDescription" true true false 2000000000 Text 0 0,First,#,LA_County_Parcels_Feature_Clip,UseDescription,0,2000000000;DesignType1 "DesignType1" true true false 2000000000 Text 0 0,First,#,LA_County_Parcels_Feature_Clip,DesignType1,0,2000000000;YearBuilt1 "YearBuilt1" true true false 2000000000 Text 0 0,First,#,LA_County_Parcels_Feature_Clip,YearBuilt1,0,2000000000;EffectiveYear1 "EffectiveYear1" true true false 2000000000 Text 0 0,First,#,LA_County_Parcels_Feature_Clip,EffectiveYear1,0,2000000000;Units1 "Units1" true true false 2000000000 Text 0 0,First,#,LA_County_Parcels_Feature_Clip,Units1,0,2000000000;Bedrooms1 "Bedrooms1" true true false 2000000000 Text 0 0,First,#,LA_County_Parcels_Feature_Clip,Bedrooms1,0,2000000000;Bathrooms1 "Bathrooms1" true true false 2000000000 Text 0 0,First,#,LA_County_Parcels_Feature_Clip,Bathrooms1,0,2000000000;SQFTmain1 "SQFTmain1" true true false 2000000000 Text 0 0,First,#,LA_County_Parcels_Feature_Clip,SQFTmain1,0,2000000000;DesignType2 "DesignType2" true true false 2000000000 Text 0 0,First,#,LA_County_Parcels_Feature_Clip,DesignType2,0,2000000000;YearBuilt2 "YearBuilt2" true true false 2000000000 Text 0 0,First,#,LA_County_Parcels_Feature_Clip,YearBuilt2,0,2000000000;EffectiveYear2 "EffectiveYear2" true true false 2000000000 Text 0 0,First,#,LA_County_Parcels_Feature_Clip,EffectiveYear2,0,2000000000;Units2 "Units2" true true false 2000000000 Text 0 0,First,#,LA_County_Parcels_Feature_Clip,Units2,0,2000000000;Bedrooms2 "Bedrooms2" true true false 2000000000 Text 0 0,First,#,LA_County_Parcels_Feature_Clip,Bedrooms2,0,2000000000;Bathrooms2 "Bathrooms2" true true false 2000000000 Text 0 0,First,#,LA_County_Parcels_Feature_Clip,Bathrooms2,0,2000000000;SQFTmain2 "SQFTmain2" true true false 2000000000 Text 0 0,First,#,LA_County_Parcels_Feature_Clip,SQFTmain2,0,2000000000;DesignType3 "DesignType3" true true false 2000000000 Text 0 0,First,#,LA_County_Parcels_Feature_Clip,DesignType3,0,2000000000;YearBuilt3 "YearBuilt3" true true false 2000000000 Text 0 0,First,#,LA_County_Parcels_Feature_Clip,YearBuilt3,0,2000000000;EffectiveYear3 "EffectiveYear3" true true false 2000000000 Text 0 0,First,#,LA_County_Parcels_Feature_Clip,EffectiveYear3,0,2000000000;Units3 "Units3" true true false 2000000000 Text 0 0,First,#,LA_County_Parcels_Feature_Clip,Units3,0,2000000000;Bedrooms3 "Bedrooms3" true true false 2000000000 Text 0 0,First,#,LA_County_Parcels_Feature_Clip,Bedrooms3,0,2000000000;Bathrooms3 "Bathrooms3" true true false 2000000000 Text 0 0,First,#,LA_County_Parcels_Feature_Clip,Bathrooms3,0,2000000000;SQFTmain3 "SQFTmain3" true true false 2000000000 Text 0 0,First,#,LA_County_Parcels_Feature_Clip,SQFTmain3,0,2000000000;DesignType4 "DesignType4" true true false 2000000000 Text 0 0,First,#,LA_County_Parcels_Feature_Clip,DesignType4,0,2000000000;YearBuilt4 "YearBuilt4" true true false 2000000000 Text 0 0,First,#,LA_County_Parcels_Feature_Clip,YearBuilt4,0,2000000000;EffectiveYear4 "EffectiveYear4" true true false 2000000000 Text 0 0,First,#,LA_County_Parcels_Feature_Clip,EffectiveYear4,0,2000000000;Units4 "Units4" true true false 2000000000 Text 0 0,First,#,LA_County_Parcels_Feature_Clip,Units4,0,2000000000;Bedrooms4 "Bedrooms4" true true false 2000000000 Text 0 0,First,#,LA_County_Parcels_Feature_Clip,Bedrooms4,0,2000000000;Bathrooms4 "Bathrooms4" true true false 2000000000 Text 0 0,First,#,LA_County_Parcels_Feature_Clip,Bathrooms4,0,2000000000;SQFTmain4 "SQFTmain4" true true false 2000000000 Text 0 0,First,#,LA_County_Parcels_Feature_Clip,SQFTmain4,0,2000000000;DesignType5 "DesignType5" true true false 2000000000 Text 0 0,First,#,LA_County_Parcels_Feature_Clip,DesignType5,0,2000000000;YearBuilt5 "YearBuilt5" true true false 2000000000 Text 0 0,First,#,LA_County_Parcels_Feature_Clip,YearBuilt5,0,2000000000;EffectiveYear5 "EffectiveYear5" true true false 2000000000 Text 0 0,First,#,LA_County_Parcels_Feature_Clip,EffectiveYear5,0,2000000000;Units5 "Units5" true true false 2000000000 Text 0 0,First,#,LA_County_Parcels_Feature_Clip,Units5,0,2000000000;Bedrooms5 "Bedrooms5" true true false 2000000000 Text 0 0,First,#,LA_County_Parcels_Feature_Clip,Bedrooms5,0,2000000000;Bathrooms5 "Bathrooms5" true true false 2000000000 Text 0 0,First,#,LA_County_Parcels_Feature_Clip,Bathrooms5,0,2000000000;SQFTmain5 "SQFTmain5" true true false 2000000000 Text 0 0,First,#,LA_County_Parcels_Feature_Clip,SQFTmain5,0,2000000000;Roll_Year "Roll_Year" true true false 2000000000 Text 0 0,First,#,LA_County_Parcels_Feature_Clip,Roll_Year,0,2000000000;Roll_LandValue "Roll_LandValue" true true false 2000000000 Text 0 0,First,#,LA_County_Parcels_Feature_Clip,Roll_LandValue,0,2000000000;Roll_ImpValue "Roll_ImpValue" true true false 2000000000 Text 0 0,First,#,LA_County_Parcels_Feature_Clip,Roll_ImpValue,0,2000000000;Roll_PersPropValue "Roll_PersPropValue" true true false 2000000000 Text 0 0,First,#,LA_County_Parcels_Feature_Clip,Roll_PersPropValue,0,2000000000;Roll_FixtureValue "Roll_FixtureValue" true true false 2000000000 Text 0 0,First,#,LA_County_Parcels_Feature_Clip,Roll_FixtureValue,0,2000000000;Roll_HomeOwnersExemp "Roll_HomeOwnersExemp" true true false 2000000000 Text 0 0,First,#,LA_County_Parcels_Feature_Clip,Roll_HomeOwnersExemp,0,2000000000;Roll_RealEstateExemp "Roll_RealEstateExemp" true true false 2000000000 Text 0 0,First,#,LA_County_Parcels_Feature_Clip,Roll_RealEstateExemp,0,2000000000;Roll_PersPropExemp "Roll_PersPropExemp" true true false 2000000000 Text 0 0,First,#,LA_County_Parcels_Feature_Clip,Roll_PersPropExemp,0,2000000000;Roll_FixtureExemp "Roll_FixtureExemp" true true false 2000000000 Text 0 0,First,#,LA_County_Parcels_Feature_Clip,Roll_FixtureExemp,0,2000000000;Roll_LandBaseYear "Roll_LandBaseYear" true true false 2000000000 Text 0 0,First,#,LA_County_Parcels_Feature_Clip,Roll_LandBaseYear,0,2000000000;Roll_ImpBaseYear "Roll_ImpBaseYear" true true false 2000000000 Text 0 0,First,#,LA_County_Parcels_Feature_Clip,Roll_ImpBaseYear,0,2000000000;SpatialChangeDate "SpatialChangeDate" true true false 2000000000 Text 0 0,First,#,LA_County_Parcels_Feature_Clip,SpatialChangeDate,0,2000000000;ParcelCreateDate "ParcelCreateDate" true true false 2000000000 Text 0 0,First,#,LA_County_Parcels_Feature_Clip,ParcelCreateDate,0,2000000000;ParcelTypeCode "ParcelTypeCode" true true false 8 Double 0 0,First,#,LA_County_Parcels_Feature_Clip,ParcelTypeCode,-1,-1;Assr_Map "Assr_Map" true true false 2000000000 Text 0 0,First,#,LA_County_Parcels_Feature_Clip,Assr_Map,0,2000000000;Assr_Index_Map "Assr_Index_Map" true true false 2000000000 Text 0 0,First,#,LA_County_Parcels_Feature_Clip,Assr_Index_Map,0,2000000000;QualityClass1 "QualityClass1" true true false 2000000000 Text 0 0,First,#,LA_County_Parcels_Feature_Clip,QualityClass1,0,2000000000;QualityClass2 "QualityClass2" true true false 2000000000 Text 0 0,First,#,LA_County_Parcels_Feature_Clip,QualityClass2,0,2000000000;QualityClass3 "QualityClass3" true true false 2000000000 Text 0 0,First,#,LA_County_Parcels_Feature_Clip,QualityClass3,0,2000000000;QualityClass4 "QualityClass4" true true false 2000000000 Text 0 0,First,#,LA_County_Parcels_Feature_Clip,QualityClass4,0,2000000000;QualityClass5 "QualityClass5" true true false 2000000000 Text 0 0,First,#,LA_County_Parcels_Feature_Clip,QualityClass5,0,2000000000;LegalDescLine1 "LegalDescLine1" true true false 2000000000 Text 0 0,First,#,LA_County_Parcels_Feature_Clip,LegalDescLine1,0,2000000000;LegalDescLine2 "LegalDescLine2" true true false 2000000000 Text 0 0,First,#,LA_County_Parcels_Feature_Clip,LegalDescLine2,0,2000000000;LegalDescLine3 "LegalDescLine3" true true false 2000000000 Text 0 0,First,#,LA_County_Parcels_Feature_Clip,LegalDescLine3,0,2000000000;LegalDescLine4 "LegalDescLine4" true true false 2000000000 Text 0 0,First,#,LA_County_Parcels_Feature_Clip,LegalDescLine4,0,2000000000;LegalDescLine5 "LegalDescLine5" true true false 2000000000 Text 0 0,First,#,LA_County_Parcels_Feature_Clip,LegalDescLine5,0,2000000000;LegalDescLineLast "LegalDescLineLast" true true false 2000000000 Text 0 0,First,#,LA_County_Parcels_Feature_Clip,LegalDescLineLast,0,2000000000;LegalDescription "LegalDescription" true true false 2000000000 Text 0 0,First,#,LA_County_Parcels_Feature_Clip,LegalDescription,0,2000000000;CENTER_LAT "CENTER_LAT" true true false 8 Double 0 0,First,#,LA_County_Parcels_Feature_Clip,CENTER_LAT,-1,-1;CENTER_LON "CENTER_LON" true true false 8 Double 0 0,First,#,LA_County_Parcels_Feature_Clip,CENTER_LON,-1,-1;CENTER_X "CENTER_X" true true false 8 Double 0 0,First,#,LA_County_Parcels_Feature_Clip,CENTER_X,-1,-1;CENTER_Y "CENTER_Y" true true false 8 Double 0 0,First,#,LA_County_Parcels_Feature_Clip,CENTER_Y,-1,-1;LAT_LON "LAT_LON" true true false 2000000000 Text 0 0,First,#,LA_County_Parcels_Feature_Clip,LAT_LON,0,2000000000;Shape_Length "Shape_Length" false true true 8 Double 0 0,First,#,LA_County_Parcels_Feature_Clip,Shape_Length,-1,-1;Shape_Area "Shape_Area" false true true 8 Double 0 0,First,#,LA_County_Parcels_Feature_Clip,Shape_Area,-1,-1" #</Process></lineage><itemProps><itemName Sync="TRUE">LA_County_Parcels_Feature_Clip</itemName><imsContentType Sync="TRUE">002</imsContentType><itemLocation><linkage Sync="TRUE">file://\\LSPALAB-35\E\UP221\LA_County_Parcels_Feature_Clip.shp</linkage><protocol Sync="TRUE">Local Area Network</protocol></itemLocation><itemSize Sync="TRUE">0.000</itemSize></itemProps><coordRef><type Sync="TRUE">Geographic</type><geogcsn Sync="TRUE">GCS_WGS_1984</geogcsn><csUnits Sync="TRUE">Angular Unit: Degree (0.017453)</csUnits><peXml Sync="TRUE">&lt;GeographicCoordinateSystem xsi:type='typens:GeographicCoordinateSystem' xmlns:xsi='http://www.w3.org/2001/XMLSchema-instance' xmlns:xs='http://www.w3.org/2001/XMLSchema' xmlns:typens='http://www.esri.com/schemas/ArcGIS/2.9.0'&gt;&lt;WKT&gt;GEOGCS[&amp;quot;GCS_WGS_1984&amp;quot;,DATUM[&amp;quot;D_WGS_1984&amp;quot;,SPHEROID[&amp;quot;WGS_1984&amp;quot;,6378137.0,298.257223563]],PRIMEM[&amp;quot;Greenwich&amp;quot;,0.0],UNIT[&amp;quot;Degree&amp;quot;,0.0174532925199433],AUTHORITY[&amp;quot;EPSG&amp;quot;,4326]]&lt;/WKT&gt;&lt;XOrigin&gt;-400&lt;/XOrigin&gt;&lt;YOrigin&gt;-400&lt;/YOrigin&gt;&lt;XYScale&gt;11258999068426.238&lt;/XYScale&gt;&lt;ZOrigin&gt;-100000&lt;/ZOrigin&gt;&lt;ZScale&gt;10000&lt;/ZScale&gt;&lt;MOrigin&gt;-100000&lt;/MOrigin&gt;&lt;MScale&gt;10000&lt;/MScale&gt;&lt;XYTolerance&gt;8.983152841195215e-09&lt;/XYTolerance&gt;&lt;ZTolerance&gt;0.001&lt;/ZTolerance&gt;&lt;MTolerance&gt;0.001&lt;/MTolerance&gt;&lt;HighPrecision&gt;true&lt;/HighPrecision&gt;&lt;LeftLongitude&gt;-180&lt;/LeftLongitude&gt;&lt;WKID&gt;4326&lt;/WKID&gt;&lt;LatestWKID&gt;4326&lt;/LatestWKID&gt;&lt;/GeographicCoordinateSystem&gt;</peXml></coordRef></DataProperties><SyncDate>20230202</SyncDate><SyncTime>13101100</SyncTime><ModDate>20230202</ModDate><ModTime>13101100</ModTime></Esri><dataIdInfo><envirDesc Sync="TRUE">Microsoft Windows 10 Version 10.0 (Build 22000) ; Esri ArcGIS 12.9.4.32739</envirDesc><dataLang><languageCode value="eng" Sync="TRUE"></languageCode><countryCode value="USA" Sync="TRUE"></countryCode></dataLang><idCitation><resTitle Sync="TRUE">LA_County_Parcels_Feature_Clip</resTitle><presForm><PresFormCd value="005" Sync="TRUE"></PresFormCd></presForm></idCitation><spatRpType><SpatRepTypCd value="001" Sync="TRUE"></SpatRepTypCd></spatRpType></dataIdInfo><mdLang><languageCode value="eng" Sync="TRUE"></languageCode><countryCode value="USA" Sync="TRUE"></countryCode></mdLang><distInfo><distFormat><formatName Sync="TRUE">Shapefile</formatName></distFormat><distTranOps><transSize Sync="TRUE">0.000</transSize></distTranOps></distInfo><mdHrLv><ScopeCd value="005" Sync="TRUE"></ScopeCd></mdHrLv><mdHrLvName Sync="TRUE">dataset</mdHrLvName><refSysInfo><RefSystem><refSysID><identCode code="4326" Sync="TRUE"></identCode><idCodeSpace Sync="TRUE">EPSG</idCodeSpace><idVersion Sync="TRUE">6.2(3.0.1)</idVersion></refSysID></RefSystem></refSysInfo><spatRepInfo><VectSpatRep><geometObjs Name="LA_County_Parcels_Feature_Clip"><geoObjTyp><GeoObjTypCd value="002" Sync="TRUE"></GeoObjTypCd></geoObjTyp><geoObjCnt Sync="TRUE">0</geoObjCnt></geometObjs><topLvl><TopoLevCd value="001" Sync="TRUE"></TopoLevCd></topLvl></VectSpatRep></spatRepInfo><spdoinfo><ptvctinf><esriterm Name="LA_County_Parcels_Feature_Clip"><efeatyp Sync="TRUE">Simple</efeatyp><efeageom code="4" Sync="TRUE"></efeageom><esritopo Sync="TRUE">FALSE</esritopo><efeacnt Sync="TRUE">0</efeacnt><spindex Sync="TRUE">FALSE</spindex><linrefer Sync="TRUE">TRUE</linrefer></esriterm></ptvctinf></spdoinfo><eainfo><detailed Name="LA_County_Parcels_Feature_Clip"><enttyp><enttypl Sync="TRUE">LA_County_Parcels_Feature_Clip</enttypl><enttypt Sync="TRUE">Feature Class</enttypt><enttypc Sync="TRUE">0</enttypc></enttyp><attr><attrlabl Sync="TRUE">FID</attrlabl><attalias Sync="TRUE">FID</attalias><attrtype Sync="TRUE">OID</attrtype><attwidth Sync="TRUE">4</attwidth><atprecis Sync="TRUE">0</atprecis><attscale Sync="TRUE">0</attscale><attrdef Sync="TRUE">Internal feature number.</attrdef><attrdefs Sync="TRUE">Esri</attrdefs><attrdomv><udom Sync="TRUE">Sequential unique whole numbers that are automatically generated.</udom></attrdomv></attr><attr><attrlabl Sync="TRUE">Shape</attrlabl><attalias Sync="TRUE">Shape</attalias><attrtype Sync="TRUE">Geometry</attrtype><attwidth Sync="TRUE">0</attwidth><atprecis Sync="TRUE">0</atprecis><attscale Sync="TRUE">0</attscale><attrdef Sync="TRUE">Feature geometry.</attrdef><attrdefs Sync="TRUE">Esri</attrdefs><attrdomv><udom Sync="TRUE">Coordinates defining the features.</udom></attrdomv></attr><attr><attrlabl Sync="TRUE">OBJECTID_1</attrlabl><attalias Sync="TRUE">OBJECTID_1</attalias><attrtype Sync="TRUE">Double</attrtype><attwidth Sync="TRUE">19</attwidth><atprecis Sync="TRUE">0</atprecis><attscale Sync="TRUE">0</attscale></attr><attr><attrlabl Sync="TRUE">AIN</attrlabl><attalias Sync="TRUE">AIN</attalias><attrtype Sync="TRUE">String</attrtype><attwidth Sync="TRUE">254</attwidth><atprecis Sync="TRUE">0</atprecis><attscale Sync="TRUE">0</attscale></attr><attr><attrlabl Sync="TRUE">APN</attrlabl><attalias Sync="TRUE">APN</attalias><attrtype Sync="TRUE">String</attrtype><attwidth Sync="TRUE">254</attwidth><atprecis Sync="TRUE">0</atprecis><attscale Sync="TRUE">0</attscale></attr><attr><attrlabl Sync="TRUE">SitusHouse</attrlabl><attalias Sync="TRUE">SitusHouse</attalias><attrtype Sync="TRUE">String</attrtype><attwidth Sync="TRUE">254</attwidth><atprecis Sync="TRUE">0</atprecis><attscale Sync="TRUE">0</attscale></attr><attr><attrlabl Sync="TRUE">SitusFract</attrlabl><attalias Sync="TRUE">SitusFract</attalias><attrtype Sync="TRUE">String</attrtype><attwidth Sync="TRUE">254</attwidth><atprecis Sync="TRUE">0</atprecis><attscale Sync="TRUE">0</attscale></attr><attr><attrlabl Sync="TRUE">SitusDirec</attrlabl><attalias Sync="TRUE">SitusDirec</attalias><attrtype Sync="TRUE">String</attrtype><attwidth Sync="TRUE">254</attwidth><atprecis Sync="TRUE">0</atprecis><attscale Sync="TRUE">0</attscale></attr><attr><attrlabl Sync="TRUE">SitusUnit</attrlabl><attalias Sync="TRUE">SitusUnit</attalias><attrtype Sync="TRUE">String</attrtype><attwidth Sync="TRUE">254</attwidth><atprecis Sync="TRUE">0</atprecis><attscale Sync="TRUE">0</attscale></attr><attr><attrlabl Sync="TRUE">SitusStree</attrlabl><attalias Sync="TRUE">SitusStree</attalias><attrtype Sync="TRUE">String</attrtype><attwidth Sync="TRUE">254</attwidth><atprecis Sync="TRUE">0</atprecis><attscale Sync="TRUE">0</attscale></attr><attr><attrlabl Sync="TRUE">SitusAddre</attrlabl><attalias Sync="TRUE">SitusAddre</attalias><attrtype Sync="TRUE">String</attrtype><attwidth Sync="TRUE">254</attwidth><atprecis Sync="TRUE">0</atprecis><attscale Sync="TRUE">0</attscale></attr><attr><attrlabl Sync="TRUE">SitusCity</attrlabl><attalias Sync="TRUE">SitusCity</attalias><attrtype Sync="TRUE">String</attrtype><attwidth Sync="TRUE">254</attwidth><atprecis Sync="TRUE">0</atprecis><attscale Sync="TRUE">0</attscale></attr><attr><attrlabl Sync="TRUE">SitusZIP</attrlabl><attalias Sync="TRUE">SitusZIP</attalias><attrtype Sync="TRUE">String</attrtype><attwidth Sync="TRUE">254</attwidth><atprecis Sync="TRUE">0</atprecis><attscale Sync="TRUE">0</attscale></attr><attr><attrlabl Sync="TRUE">SitusFullA</attrlabl><attalias Sync="TRUE">SitusFullA</attalias><attrtype Sync="TRUE">String</attrtype><attwidth Sync="TRUE">254</attwidth><atprecis Sync="TRUE">0</atprecis><attscale Sync="TRUE">0</attscale></attr><attr><attrlabl Sync="TRUE">TaxRateAre</attrlabl><attalias Sync="TRUE">TaxRateAre</attalias><attrtype Sync="TRUE">String</attrtype><attwidth Sync="TRUE">254</attwidth><atprecis Sync="TRUE">0</atprecis><attscale Sync="TRUE">0</attscale></attr><attr><attrlabl Sync="TRUE">TaxRateCit</attrlabl><attalias Sync="TRUE">TaxRateCit</attalias><attrtype Sync="TRUE">String</attrtype><attwidth Sync="TRUE">254</attwidth><atprecis Sync="TRUE">0</atprecis><attscale Sync="TRUE">0</attscale></attr><attr><attrlabl Sync="TRUE">AgencyClas</attrlabl><attalias Sync="TRUE">AgencyClas</attalias><attrtype Sync="TRUE">String</attrtype><attwidth Sync="TRUE">254</attwidth><atprecis Sync="TRUE">0</atprecis><attscale Sync="TRUE">0</attscale></attr><attr><attrlabl Sync="TRUE">AgencyName</attrlabl><attalias Sync="TRUE">AgencyName</attalias><attrtype Sync="TRUE">String</attrtype><attwidth Sync="TRUE">254</attwidth><atprecis Sync="TRUE">0</atprecis><attscale Sync="TRUE">0</attscale></attr><attr><attrlabl Sync="TRUE">AgencyType</attrlabl><attalias Sync="TRUE">AgencyType</attalias><attrtype Sync="TRUE">String</attrtype><attwidth Sync="TRUE">254</attwidth><atprecis Sync="TRUE">0</atprecis><attscale Sync="TRUE">0</attscale></attr><attr><attrlabl Sync="TRUE">UseCode</attrlabl><attalias Sync="TRUE">UseCode</attalias><attrtype Sync="TRUE">String</attrtype><attwidth Sync="TRUE">254</attwidth><atprecis Sync="TRUE">0</atprecis><attscale Sync="TRUE">0</attscale></attr><attr><attrlabl Sync="TRUE">UseCode_2</attrlabl><attalias Sync="TRUE">UseCode_2</attalias><attrtype Sync="TRUE">String</attrtype><attwidth Sync="TRUE">254</attwidth><atprecis Sync="TRUE">0</atprecis><attscale Sync="TRUE">0</attscale></attr><attr><attrlabl Sync="TRUE">UseType</attrlabl><attalias Sync="TRUE">UseType</attalias><attrtype Sync="TRUE">String</attrtype><attwidth Sync="TRUE">254</attwidth><atprecis Sync="TRUE">0</atprecis><attscale Sync="TRUE">0</attscale></attr><attr><attrlabl Sync="TRUE">UseDescrip</attrlabl><attalias Sync="TRUE">UseDescrip</attalias><attrtype Sync="TRUE">String</attrtype><attwidth Sync="TRUE">254</attwidth><atprecis Sync="TRUE">0</atprecis><attscale Sync="TRUE">0</attscale></attr><attr><attrlabl Sync="TRUE">DesignType</attrlabl><attalias Sync="TRUE">DesignType</attalias><attrtype Sync="TRUE">String</attrtype><attwidth Sync="TRUE">254</attwidth><atprecis Sync="TRUE">0</atprecis><attscale Sync="TRUE">0</attscale></attr><attr><attrlabl Sync="TRUE">YearBuilt1</attrlabl><attalias Sync="TRUE">YearBuilt1</attalias><attrtype Sync="TRUE">String</attrtype><attwidth Sync="TRUE">254</attwidth><atprecis Sync="TRUE">0</atprecis><attscale Sync="TRUE">0</attscale></attr><attr><attrlabl Sync="TRUE">EffectiveY</attrlabl><attalias Sync="TRUE">EffectiveY</attalias><attrtype Sync="TRUE">String</attrtype><attwidth Sync="TRUE">254</attwidth><atprecis Sync="TRUE">0</atprecis><attscale Sync="TRUE">0</attscale></attr><attr><attrlabl Sync="TRUE">Units1</attrlabl><attalias Sync="TRUE">Units1</attalias><attrtype Sync="TRUE">String</attrtype><attwidth Sync="TRUE">254</attwidth><atprecis Sync="TRUE">0</atprecis><attscale Sync="TRUE">0</attscale></attr><attr><attrlabl Sync="TRUE">Bedrooms1</attrlabl><attalias Sync="TRUE">Bedrooms1</attalias><attrtype Sync="TRUE">String</attrtype><attwidth Sync="TRUE">254</attwidth><atprecis Sync="TRUE">0</atprecis><attscale Sync="TRUE">0</attscale></attr><attr><attrlabl Sync="TRUE">Bathrooms1</attrlabl><attalias Sync="TRUE">Bathrooms1</attalias><attrtype Sync="TRUE">String</attrtype><attwidth Sync="TRUE">254</attwidth><atprecis Sync="TRUE">0</atprecis><attscale Sync="TRUE">0</attscale></attr><attr><attrlabl Sync="TRUE">SQFTmain1</attrlabl><attalias Sync="TRUE">SQFTmain1</attalias><attrtype Sync="TRUE">String</attrtype><attwidth Sync="TRUE">254</attwidth><atprecis Sync="TRUE">0</atprecis><attscale Sync="TRUE">0</attscale></attr><attr><attrlabl Sync="TRUE">DesignTy_1</attrlabl><attalias Sync="TRUE">DesignTy_1</attalias><attrtype Sync="TRUE">String</attrtype><attwidth Sync="TRUE">254</attwidth><atprecis Sync="TRUE">0</atprecis><attscale Sync="TRUE">0</attscale></attr><attr><attrlabl Sync="TRUE">YearBuilt2</attrlabl><attalias Sync="TRUE">YearBuilt2</attalias><attrtype Sync="TRUE">String</attrtype><attwidth Sync="TRUE">254</attwidth><atprecis Sync="TRUE">0</atprecis><attscale Sync="TRUE">0</attscale></attr><attr><attrlabl Sync="TRUE">Effectiv_1</attrlabl><attalias Sync="TRUE">Effectiv_1</attalias><attrtype Sync="TRUE">String</attrtype><attwidth Sync="TRUE">254</attwidth><atprecis Sync="TRUE">0</atprecis><attscale Sync="TRUE">0</attscale></attr><attr><attrlabl Sync="TRUE">Units2</attrlabl><attalias Sync="TRUE">Units2</attalias><attrtype Sync="TRUE">String</attrtype><attwidth Sync="TRUE">254</attwidth><atprecis Sync="TRUE">0</atprecis><attscale Sync="TRUE">0</attscale></attr><attr><attrlabl Sync="TRUE">Bedrooms2</attrlabl><attalias Sync="TRUE">Bedrooms2</attalias><attrtype Sync="TRUE">String</attrtype><attwidth Sync="TRUE">254</attwidth><atprecis Sync="TRUE">0</atprecis><attscale Sync="TRUE">0</attscale></attr><attr><attrlabl Sync="TRUE">Bathrooms2</attrlabl><attalias Sync="TRUE">Bathrooms2</attalias><attrtype Sync="TRUE">String</attrtype><attwidth Sync="TRUE">254</attwidth><atprecis Sync="TRUE">0</atprecis><attscale Sync="TRUE">0</attscale></attr><attr><attrlabl Sync="TRUE">SQFTmain2</attrlabl><attalias Sync="TRUE">SQFTmain2</attalias><attrtype Sync="TRUE">String</attrtype><attwidth Sync="TRUE">254</attwidth><atprecis Sync="TRUE">0</atprecis><attscale Sync="TRUE">0</attscale></attr><attr><attrlabl Sync="TRUE">DesignTy_2</attrlabl><attalias Sync="TRUE">DesignTy_2</attalias><attrtype Sync="TRUE">String</attrtype><attwidth Sync="TRUE">254</attwidth><atprecis Sync="TRUE">0</atprecis><attscale Sync="TRUE">0</attscale></attr><attr><attrlabl Sync="TRUE">YearBuilt3</attrlabl><attalias Sync="TRUE">YearBuilt3</attalias><attrtype Sync="TRUE">String</attrtype><attwidth Sync="TRUE">254</attwidth><atprecis Sync="TRUE">0</atprecis><attscale Sync="TRUE">0</attscale></attr><attr><attrlabl Sync="TRUE">Effectiv_2</attrlabl><attalias Sync="TRUE">Effectiv_2</attalias><attrtype Sync="TRUE">String</attrtype><attwidth Sync="TRUE">254</attwidth><atprecis Sync="TRUE">0</atprecis><attscale Sync="TRUE">0</attscale></attr><attr><attrlabl Sync="TRUE">Units3</attrlabl><attalias Sync="TRUE">Units3</attalias><attrtype Sync="TRUE">String</attrtype><attwidth Sync="TRUE">254</attwidth><atprecis Sync="TRUE">0</atprecis><attscale Sync="TRUE">0</attscale></attr><attr><attrlabl Sync="TRUE">Bedrooms3</attrlabl><attalias Sync="TRUE">Bedrooms3</attalias><attrtype Sync="TRUE">String</attrtype><attwidth Sync="TRUE">254</attwidth><atprecis Sync="TRUE">0</atprecis><attscale Sync="TRUE">0</attscale></attr><attr><attrlabl Sync="TRUE">Bathrooms3</attrlabl><attalias Sync="TRUE">Bathrooms3</attalias><attrtype Sync="TRUE">String</attrtype><attwidth Sync="TRUE">254</attwidth><atprecis Sync="TRUE">0</atprecis><attscale Sync="TRUE">0</attscale></attr><attr><attrlabl Sync="TRUE">SQFTmain3</attrlabl><attalias Sync="TRUE">SQFTmain3</attalias><attrtype Sync="TRUE">String</attrtype><attwidth Sync="TRUE">254</attwidth><atprecis Sync="TRUE">0</atprecis><attscale Sync="TRUE">0</attscale></attr><attr><attrlabl Sync="TRUE">DesignTy_3</attrlabl><attalias Sync="TRUE">DesignTy_3</attalias><attrtype Sync="TRUE">String</attrtype><attwidth Sync="TRUE">254</attwidth><atprecis Sync="TRUE">0</atprecis><attscale Sync="TRUE">0</attscale></attr><attr><attrlabl Sync="TRUE">YearBuilt4</attrlabl><attalias Sync="TRUE">YearBuilt4</attalias><attrtype Sync="TRUE">String</attrtype><attwidth Sync="TRUE">254</attwidth><atprecis Sync="TRUE">0</atprecis><attscale Sync="TRUE">0</attscale></attr><attr><attrlabl Sync="TRUE">Effectiv_3</attrlabl><attalias Sync="TRUE">Effectiv_3</attalias><attrtype Sync="TRUE">String</attrtype><attwidth Sync="TRUE">254</attwidth><atprecis Sync="TRUE">0</atprecis><attscale Sync="TRUE">0</attscale></attr><attr><attrlabl Sync="TRUE">Units4</attrlabl><attalias Sync="TRUE">Units4</attalias><attrtype Sync="TRUE">String</attrtype><attwidth Sync="TRUE">254</attwidth><atprecis Sync="TRUE">0</atprecis><attscale Sync="TRUE">0</attscale></attr><attr><attrlabl Sync="TRUE">Bedrooms4</attrlabl><attalias Sync="TRUE">Bedrooms4</attalias><attrtype Sync="TRUE">String</attrtype><attwidth Sync="TRUE">254</attwidth><atprecis Sync="TRUE">0</atprecis><attscale Sync="TRUE">0</attscale></attr><attr><attrlabl Sync="TRUE">Bathrooms4</attrlabl><attalias Sync="TRUE">Bathrooms4</attalias><attrtype Sync="TRUE">String</attrtype><attwidth Sync="TRUE">254</attwidth><atprecis Sync="TRUE">0</atprecis><attscale Sync="TRUE">0</attscale></attr><attr><attrlabl Sync="TRUE">SQFTmain4</attrlabl><attalias Sync="TRUE">SQFTmain4</attalias><attrtype Sync="TRUE">String</attrtype><attwidth Sync="TRUE">254</attwidth><atprecis Sync="TRUE">0</atprecis><attscale Sync="TRUE">0</attscale></attr><attr><attrlabl Sync="TRUE">DesignTy_4</attrlabl><attalias Sync="TRUE">DesignTy_4</attalias><attrtype Sync="TRUE">String</attrtype><attwidth Sync="TRUE">254</attwidth><atprecis Sync="TRUE">0</atprecis><attscale Sync="TRUE">0</attscale></attr><attr><attrlabl Sync="TRUE">YearBuilt5</attrlabl><attalias Sync="TRUE">YearBuilt5</attalias><attrtype Sync="TRUE">String</attrtype><attwidth Sync="TRUE">254</attwidth><atprecis Sync="TRUE">0</atprecis><attscale Sync="TRUE">0</attscale></attr><attr><attrlabl Sync="TRUE">Effectiv_4</attrlabl><attalias Sync="TRUE">Effectiv_4</attalias><attrtype Sync="TRUE">String</attrtype><attwidth Sync="TRUE">254</attwidth><atprecis Sync="TRUE">0</atprecis><attscale Sync="TRUE">0</attscale></attr><attr><attrlabl Sync="TRUE">Units5</attrlabl><attalias Sync="TRUE">Units5</attalias><attrtype Sync="TRUE">String</attrtype><attwidth Sync="TRUE">254</attwidth><atprecis Sync="TRUE">0</atprecis><attscale Sync="TRUE">0</attscale></attr><attr><attrlabl Sync="TRUE">Bedrooms5</attrlabl><attalias Sync="TRUE">Bedrooms5</attalias><attrtype Sync="TRUE">String</attrtype><attwidth Sync="TRUE">254</attwidth><atprecis Sync="TRUE">0</atprecis><attscale Sync="TRUE">0</attscale></attr><attr><attrlabl Sync="TRUE">Bathrooms5</attrlabl><attalias Sync="TRUE">Bathrooms5</attalias><attrtype Sync="TRUE">String</attrtype><attwidth Sync="TRUE">254</attwidth><atprecis Sync="TRUE">0</atprecis><attscale Sync="TRUE">0</attscale></attr><attr><attrlabl Sync="TRUE">SQFTmain5</attrlabl><attalias Sync="TRUE">SQFTmain5</attalias><attrtype Sync="TRUE">String</attrtype><attwidth Sync="TRUE">254</attwidth><atprecis Sync="TRUE">0</atprecis><attscale Sync="TRUE">0</attscale></attr><attr><attrlabl Sync="TRUE">Roll_Year</attrlabl><attalias Sync="TRUE">Roll_Year</attalias><attrtype Sync="TRUE">String</attrtype><attwidth Sync="TRUE">254</attwidth><atprecis Sync="TRUE">0</atprecis><attscale Sync="TRUE">0</attscale></attr><attr><attrlabl Sync="TRUE">Roll_LandV</attrlabl><attalias Sync="TRUE">Roll_LandV</attalias><attrtype Sync="TRUE">String</attrtype><attwidth Sync="TRUE">254</attwidth><atprecis Sync="TRUE">0</atprecis><attscale Sync="TRUE">0</attscale></attr><attr><attrlabl Sync="TRUE">Roll_ImpVa</attrlabl><attalias Sync="TRUE">Roll_ImpVa</attalias><attrtype Sync="TRUE">String</attrtype><attwidth Sync="TRUE">254</attwidth><atprecis Sync="TRUE">0</atprecis><attscale Sync="TRUE">0</attscale></attr><attr><attrlabl Sync="TRUE">Roll_PersP</attrlabl><attalias Sync="TRUE">Roll_PersP</attalias><attrtype Sync="TRUE">String</attrtype><attwidth Sync="TRUE">254</attwidth><atprecis Sync="TRUE">0</atprecis><attscale Sync="TRUE">0</attscale></attr><attr><attrlabl Sync="TRUE">Roll_Fixtu</attrlabl><attalias Sync="TRUE">Roll_Fixtu</attalias><attrtype Sync="TRUE">String</attrtype><attwidth Sync="TRUE">254</attwidth><atprecis Sync="TRUE">0</atprecis><attscale Sync="TRUE">0</attscale></attr><attr><attrlabl Sync="TRUE">Roll_HomeO</attrlabl><attalias Sync="TRUE">Roll_HomeO</attalias><attrtype Sync="TRUE">String</attrtype><attwidth Sync="TRUE">254</attwidth><atprecis Sync="TRUE">0</atprecis><attscale Sync="TRUE">0</attscale></attr><attr><attrlabl Sync="TRUE">Roll_RealE</attrlabl><attalias Sync="TRUE">Roll_RealE</attalias><attrtype Sync="TRUE">String</attrtype><attwidth Sync="TRUE">254</attwidth><atprecis Sync="TRUE">0</atprecis><attscale Sync="TRUE">0</attscale></attr><attr><attrlabl Sync="TRUE">Roll_Per_1</attrlabl><attalias Sync="TRUE">Roll_Per_1</attalias><attrtype Sync="TRUE">String</attrtype><attwidth Sync="TRUE">254</attwidth><atprecis Sync="TRUE">0</atprecis><attscale Sync="TRUE">0</attscale></attr><attr><attrlabl Sync="TRUE">Roll_Fix_1</attrlabl><attalias Sync="TRUE">Roll_Fix_1</attalias><attrtype Sync="TRUE">String</attrtype><attwidth Sync="TRUE">254</attwidth><atprecis Sync="TRUE">0</atprecis><attscale Sync="TRUE">0</attscale></attr><attr><attrlabl Sync="TRUE">Roll_LandB</attrlabl><attalias Sync="TRUE">Roll_LandB</attalias><attrtype Sync="TRUE">String</attrtype><attwidth Sync="TRUE">254</attwidth><atprecis Sync="TRUE">0</atprecis><attscale Sync="TRUE">0</attscale></attr><attr><attrlabl Sync="TRUE">Roll_ImpBa</attrlabl><attalias Sync="TRUE">Roll_ImpBa</attalias><attrtype Sync="TRUE">String</attrtype><attwidth Sync="TRUE">254</attwidth><atprecis Sync="TRUE">0</atprecis><attscale Sync="TRUE">0</attscale></attr><attr><attrlabl Sync="TRUE">SpatialCha</attrlabl><attalias Sync="TRUE">SpatialCha</attalias><attrtype Sync="TRUE">String</attrtype><attwidth Sync="TRUE">254</attwidth><atprecis Sync="TRUE">0</atprecis><attscale Sync="TRUE">0</attscale></attr><attr><attrlabl Sync="TRUE">ParcelCrea</attrlabl><attalias Sync="TRUE">ParcelCrea</attalias><attrtype Sync="TRUE">String</attrtype><attwidth Sync="TRUE">254</attwidth><atprecis Sync="TRUE">0</atprecis><attscale Sync="TRUE">0</attscale></attr><attr><attrlabl Sync="TRUE">ParcelType</attrlabl><attalias Sync="TRUE">ParcelType</attalias><attrtype Sync="TRUE">Double</attrtype><attwidth Sync="TRUE">19</attwidth><atprecis Sync="TRUE">0</atprecis><attscale Sync="TRUE">0</attscale></attr><attr><attrlabl Sync="TRUE">Assr_Map</attrlabl><attalias Sync="TRUE">Assr_Map</attalias><attrtype Sync="TRUE">String</attrtype><attwidth Sync="TRUE">254</attwidth><atprecis Sync="TRUE">0</atprecis><attscale Sync="TRUE">0</attscale></attr><attr><attrlabl Sync="TRUE">Assr_Index</attrlabl><attalias Sync="TRUE">Assr_Index</attalias><attrtype Sync="TRUE">String</attrtype><attwidth Sync="TRUE">254</attwidth><atprecis Sync="TRUE">0</atprecis><attscale Sync="TRUE">0</attscale></attr><attr><attrlabl Sync="TRUE">QualityCla</attrlabl><attalias Sync="TRUE">QualityCla</attalias><attrtype Sync="TRUE">String</attrtype><attwidth Sync="TRUE">254</attwidth><atprecis Sync="TRUE">0</atprecis><attscale Sync="TRUE">0</attscale></attr><attr><attrlabl Sync="TRUE">QualityC_1</attrlabl><attalias Sync="TRUE">QualityC_1</attalias><attrtype Sync="TRUE">String</attrtype><attwidth Sync="TRUE">254</attwidth><atprecis Sync="TRUE">0</atprecis><attscale Sync="TRUE">0</attscale></attr><attr><attrlabl Sync="TRUE">QualityC_2</attrlabl><attalias Sync="TRUE">QualityC_2</attalias><attrtype Sync="TRUE">String</attrtype><attwidth Sync="TRUE">254</attwidth><atprecis Sync="TRUE">0</atprecis><attscale Sync="TRUE">0</attscale></attr><attr><attrlabl Sync="TRUE">QualityC_3</attrlabl><attalias Sync="TRUE">QualityC_3</attalias><attrtype Sync="TRUE">String</attrtype><attwidth Sync="TRUE">254</attwidth><atprecis Sync="TRUE">0</atprecis><attscale Sync="TRUE">0</attscale></attr><attr><attrlabl Sync="TRUE">QualityC_4</attrlabl><attalias Sync="TRUE">QualityC_4</attalias><attrtype Sync="TRUE">String</attrtype><attwidth Sync="TRUE">254</attwidth><atprecis Sync="TRUE">0</atprecis><attscale Sync="TRUE">0</attscale></attr><attr><attrlabl Sync="TRUE">LegalDescL</attrlabl><attalias Sync="TRUE">LegalDescL</attalias><attrtype Sync="TRUE">String</attrtype><attwidth Sync="TRUE">254</attwidth><atprecis Sync="TRUE">0</atprecis><attscale Sync="TRUE">0</attscale></attr><attr><attrlabl Sync="TRUE">LegalDes_1</attrlabl><attalias Sync="TRUE">LegalDes_1</attalias><attrtype Sync="TRUE">String</attrtype><attwidth Sync="TRUE">254</attwidth><atprecis Sync="TRUE">0</atprecis><attscale Sync="TRUE">0</attscale></attr><attr><attrlabl Sync="TRUE">LegalDes_2</attrlabl><attalias Sync="TRUE">LegalDes_2</attalias><attrtype Sync="TRUE">String</attrtype><attwidth Sync="TRUE">254</attwidth><atprecis Sync="TRUE">0</atprecis><attscale Sync="TRUE">0</attscale></attr><attr><attrlabl Sync="TRUE">LegalDes_3</attrlabl><attalias Sync="TRUE">LegalDes_3</attalias><attrtype Sync="TRUE">String</attrtype><attwidth Sync="TRUE">254</attwidth><atprecis Sync="TRUE">0</atprecis><attscale Sync="TRUE">0</attscale></attr><attr><attrlabl Sync="TRUE">LegalDes_4</attrlabl><attalias Sync="TRUE">LegalDes_4</attalias><attrtype Sync="TRUE">String</attrtype><attwidth Sync="TRUE">254</attwidth><atprecis Sync="TRUE">0</atprecis><attscale Sync="TRUE">0</attscale></attr><attr><attrlabl Sync="TRUE">LegalDes_5</attrlabl><attalias Sync="TRUE">LegalDes_5</attalias><attrtype Sync="TRUE">String</attrtype><attwidth Sync="TRUE">254</attwidth><atprecis Sync="TRUE">0</atprecis><attscale Sync="TRUE">0</attscale></attr><attr><attrlabl Sync="TRUE">LegalDescr</attrlabl><attalias Sync="TRUE">LegalDescr</attalias><attrtype Sync="TRUE">String</attrtype><attwidth Sync="TRUE">254</attwidth><atprecis Sync="TRUE">0</atprecis><attscale Sync="TRUE">0</attscale></attr><attr><attrlabl Sync="TRUE">CENTER_LAT</attrlabl><attalias Sync="TRUE">CENTER_LAT</attalias><attrtype Sync="TRUE">Double</attrtype><attwidth Sync="TRUE">19</attwidth><atprecis Sync="TRUE">0</atprecis><attscale Sync="TRUE">0</attscale></attr><attr><attrlabl Sync="TRUE">CENTER_LON</attrlabl><attalias Sync="TRUE">CENTER_LON</attalias><attrtype Sync="TRUE">Double</attrtype><attwidth Sync="TRUE">19</attwidth><atprecis Sync="TRUE">0</atprecis><attscale Sync="TRUE">0</attscale></attr><attr><attrlabl Sync="TRUE">CENTER_X</attrlabl><attalias Sync="TRUE">CENTER_X</attalias><attrtype Sync="TRUE">Double</attrtype><attwidth Sync="TRUE">19</attwidth><atprecis Sync="TRUE">0</atprecis><attscale Sync="TRUE">0</attscale></attr><attr><attrlabl Sync="TRUE">CENTER_Y</attrlabl><attalias Sync="TRUE">CENTER_Y</attalias><attrtype Sync="TRUE">Double</attrtype><attwidth Sync="TRUE">19</attwidth><atprecis Sync="TRUE">0</atprecis><attscale Sync="TRUE">0</attscale></attr><attr><attrlabl Sync="TRUE">LAT_LON</attrlabl><attalias Sync="TRUE">LAT_LON</attalias><attrtype Sync="TRUE">String</attrtype><attwidth Sync="TRUE">254</attwidth><atprecis Sync="TRUE">0</atprecis><attscale Sync="TRUE">0</attscale></attr><attr><attrlabl Sync="TRUE">Shape_Leng</attrlabl><attalias Sync="TRUE">Shape_Leng</attalias><attrtype Sync="TRUE">Double</attrtype><attwidth Sync="TRUE">19</attwidth><atprecis Sync="TRUE">0</atprecis><attscale Sync="TRUE">0</attscale></attr><attr><attrlabl Sync="TRUE">Shape_Area</attrlabl><attalias Sync="TRUE">Shape_Area</attalias><attrtype Sync="TRUE">Double</attrtype><attwidth Sync="TRUE">19</attwidth><atprecis Sync="TRUE">0</atprecis><attscale Sync="TRUE">0</attscale><attrdef Sync="TRUE">Area of feature in internal units squared.</attrdef><attrdefs Sync="TRUE">Esri</attrdefs><attrdomv><udom Sync="TRUE">Positive real numbers that are automatically generated.</udom></attrdomv></attr></detailed></eainfo><mdDateSt Sync="TRUE">20230202</mdDateSt></metadata>
