,APN,TOC
0,5414007015,Tier 4
1,5406028127,Tier 3
2,5409016030,Tier 4
3,5407007040,Tier 3
4,5407022001,Tier 3
5,5406024031,Tier 3
6,5409012905,Tier 3
7,5414011006,Tier 4
8,5407008008,Tier 3
9,5407004902,Tier 3
10,5406024023,Tier 3
11,5414005070,Tier 4
12,5414016903,Tier 4
13,5406028043,Tier 3
14,5406028082,Tier 3
15,5406024029,Tier 3
16,5409008026,Tier 4
17,5407017026,Tier 3
18,5407009018,Tier 3
19,5406025034,Tier 2
20,5408019055,Tier 3
21,5409008909,Tier 4
22,5406024016,Tier 3
23,5406022065,Tier 2
24,5409015022,Tier 4
25,5406022072,Tier 2
26,5408015011,Tier 3
27,5408019032,Tier 3
28,5409006056,Tier 3
29,5409003012,Tier 3
30,5406028046,Tier 3
31,5406028121,Tier 3
32,5407009019,Tier 3
33,5407007008,Tier 3
34,5406030023,Tier 3
35,5407008007,Tier 3
36,5409013914,Tier 3
37,5406027900,Tier 3
39,5406028025,Tier 3
40,5408014001,Tier 4
41,5407023022,Tier 3
42,5406025044,Tier 2
43,5409005033,Tier 3
44,5406027012,Tier 3
45,5407017045,Tier 3
46,5407007036,Tier 3
47,5409006030,Tier 3
48,5407007020,Tier 3
49,5408030024,Tier 4
50,5406024002,Tier 3
51,5407006010,Tier 3
52,5414005011,Tier 4
53,5408024009,Tier 3
54,5408019046,Tier 3
55,5408033009,Tier 4
56,5409016005,Tier 4
57,5406025036,Tier 2
58,5408023002,Tier 3
59,5408032025,Tier 4
60,5414007011,Tier 4
61,5409019902,Tier 3
62,5409020910,Tier 3
63,5408027005,Tier 3
64,5408013013,Tier 4
65,5409005027,Tier 3
66,5406028009,Tier 3
67,5407012018,Tier 3
68,5407013007,Tier 3
69,5408025013,Tier 3
70,5414005021,Tier 4
71,5406028139,Tier 3
72,5409006014,Tier 3
73,5409012902,Tier 3
74,5407007033,Tier 3
75,5409018913,Tier 3
76,5414007006,Tier 4
77,5414005008,Tier 4
78,5407010002,Tier 3
79,5408016016,Tier 3
80,5406022103,Tier 2
81,5414013014,Tier 4
82,5409016020,Tier 4
83,5406030039,Tier 3
84,5406022077,Tier 2
85,5406022057,Tier 2
86,5409003804,Tier 3
87,5408017024,Tier 3
88,5406029004,Tier 3
89,5408019018,Tier 3
90,5414011032,Tier 4
91,5408019016,Tier 3
92,5408030026,Tier 4
93,5406028050,Tier 3
94,5406027001,Tier 2
95,5406028075,Tier 3
96,5414005049,Tier 4
97,5406023004,Tier 3
98,5414009001,Tier 4
99,5409011902,Tier 3
100,5414005032,Tier 4
101,5406028101,Tier 3
102,5406028055,Tier 3
103,5414001005,Tier 3
104,5406028064,Tier 3
105,5406024032,Tier 3
106,5414005036,Tier 4
107,5406026030,Tier 2
108,5408028012,Tier 3
109,5415018010,Tier 2
110,5406022061,Tier 2
111,5407012002,Tier 3
112,5414005056,Tier 4
113,5407012019,Tier 3
114,5407007042,Tier 3
115,5408016007,Tier 3
116,5409020905,Tier 3
117,5406022064,Tier 2
118,5409007002,Tier 4
119,5407008002,Tier 3
120,5407017042,Tier 3
121,5406028119,Tier 3
122,5406024058,Tier 2
123,5408019022,Tier 3
124,5407017036,Tier 3
125,5407017013,Tier 3
126,5408025003,Tier 3
127,5408021001,Tier 3
128,5406028083,Tier 3
129,5406022123,Tier 2
130,5406025037,Tier 2
131,5406028138,Tier 3
132,5406028057,Tier 3
133,5408019035,Tier 3
134,5407020903,Tier 3
135,5406028008,Tier 3
136,5408030019,Tier 4
137,5409009013,Tier 3
138,5406022052,Tier 2
139,5414004006,Tier 4
140,5414005071,Tier 4
141,5407012005,Tier 3
142,5406022137,Tier 2
143,5408024011,Tier 3
144,5408019010,Tier 3
145,5407009005,Tier 3
146,5408019051,Tier 3
147,5408024003,Tier 3
148,5409013906,Tier 1
149,5406028059,Tier 3
150,5414011013,Tier 4
151,5406028116,Tier 3
152,5409016037,Tier 4
153,5409005034,Tier 3
154,5407007017,Tier 3
155,5408013023,Tier 4
156,5406022115,Tier 2
157,5407018024,Tier 3
158,5406027008,Tier 3
159,5406028035,Tier 3
160,5406025039,Tier 2
161,5409016008,Tier 4
162,5406024026,Tier 3
163,5407007032,Tier 3
164,5414009007,Tier 4
165,5406022140,Tier 2
166,5407022028,Tier 3
167,5414007027,Tier 4
168,5414005061,Tier 4
169,5414005043,Tier 4
170,5406028089,Tier 3
171,5406022089,Tier 2
172,5407005015,Tier 3
173,5407013004,Tier 3
174,5406027020,Tier 3
175,5407019003,Tier 3
176,5414005001,Tier 4
177,5407017046,Tier 3
178,5406028013,Tier 3
179,5406029001,Tier 3
180,5407024017,Tier 3
181,5406026026,Tier 2
182,5406022138,Tier 2
183,5409003035,Tier 3
184,5414002009,Tier 3
185,5409020903,Tier 3
186,5406028148,Tier 3
187,5406028045,Tier 3
188,5408013012,Tier 4
189,5407011005,Tier 3
190,5406022118,Tier 2
191,5406022088,Tier 2
192,5406026025,Tier 2
193,5407023007,Tier 3
194,5414007016,Tier 4
195,5408019060,Tier 3
196,5407017053,Tier 3
197,5408033014,Tier 3
198,5409003026,Tier 3
199,5406024066,Tier 2
200,5408013016,Tier 4
201,5409015920,Tier 4
202,5407017018,Tier 3
203,5409016036,Tier 4
204,5406026028,Tier 2
205,5407013001,Tier 3
206,5408013033,Tier 4
207,5407024018,Tier 3
208,5406022039,Tier 2
209,5406022063,Tier 2
210,5408024005,Tier 3
211,5408031013,Tier 4
212,5407017030,Tier 3
213,5407017003,Tier 3
214,5406024021,Tier 3
215,5406022056,Tier 2
216,5406025040,Tier 2
217,5407025904,Tier 3
218,5407018009,Tier 3
219,5406027011,Tier 3
220,5409006061,Tier 4
221,5406028087,Tier 3
222,5407017048,Tier 3
223,5407013003,Tier 3
224,5407018008,Tier 3
225,5407007011,Tier 3
226,5408025007,Tier 3
227,5406025007,Tier 2
228,5409017903,Tier 3
229,5407020017,Tier 3
230,5407019002,Tier 3
231,5414016002,Tier 3
232,5406028031,Tier 3
233,5414003015,Tier 3
234,5406022111,Tier 2
235,5414005040,Tier 4
236,5414005013,Tier 4
237,5406028104,Tier 3
238,5408029005,Tier 4
239,5407009001,Tier 3
240,5407018004,Tier 3
241,5408018017,Tier 3
242,5406030040,Tier 3
243,5409016017,Tier 4
244,5407010007,Tier 3
245,5407022008,Tier 3
246,5414011015,Tier 4
247,5414005003,Tier 4
248,5408028910,Tier 3
249,5408019044,Tier 3
250,5414011005,Tier 4
251,5408019013,Tier 3
252,5406022091,Tier 2
253,5407008006,Tier 3
254,5414005016,Tier 4
255,5407023027,Tier 3
256,5407017041,Tier 3
257,5406025045,Tier 2
258,5406025050,Tier 2
259,5414008003,Tier 4
260,5406028021,Tier 3
261,5407004042,Tier 3
262,5407004004,Tier 3
263,5408019047,Tier 3
264,5407012016,Tier 3
265,5409008025,Tier 3
266,5407011002,Tier 3
267,5406028034,Tier 3
268,5414012013,Tier 4
269,5414006021,Tier 4
270,5414008017,Tier 4
271,5406026001,Tier 2
272,5409006049,Tier 3
273,5409010901,Tier 3
274,5414011033,Tier 4
275,5414005022,Tier 4
276,5408013010,Tier 4
277,5408015001,Tier 3
278,5409016018,Tier 4
279,5406028026,Tier 3
280,5408019050,Tier 3
281,5406024044,Tier 2
282,5407009002,Tier 3
283,5414005019,Tier 4
284,5409023941,Tier 4
285,5408018016,Tier 3
286,5414006003,Tier 4
287,5407024010,Tier 3
288,5414005068,Tier 4
289,5406028069,Tier 3
290,5414010002,Tier 4
291,5408022001,Tier 3
292,5406024001,Tier 3
293,5406024052,Tier 2
294,5408021014,Tier 3
295,5409008002,Tier 4
296,5406022098,Tier 2
297,5406025028,Tier 2
298,5407005021,Tier 3
299,5409003034,Tier 3
300,5414006028,Tier 4
301,5406022120,Tier 2
302,5406022096,Tier 2
303,5409019802,Tier 3
304,5414011007,Tier 4
305,5414005067,Tier 4
306,5407005007,Tier 3
307,5409016038,Tier 4
308,5408031001,Tier 4
309,5407004040,Tier 3
310,5408032026,Tier 4
311,5408017023,Tier 3
312,5407018011,Tier 3
313,5406027022,Tier 3
314,5406022119,Tier 2
315,5407018017,Tier 3
316,5409003020,Tier 3
317,5407017019,Tier 3
318,5406024022,Tier 3
319,5408032007,Tier 4
320,5408029004,Tier 4
321,5408030018,Tier 4
322,5406024057,Tier 2
323,5409003017,Tier 3
324,5414005010,Tier 4
325,5409015919,Tier 3
326,5407011010,Tier 3
327,5414011024,Tier 4
328,5407023003,Tier 3
329,5414009006,Tier 4
330,5409006052,Tier 3
331,5409006013,Tier 3
332,5408030029,Tier 4
333,5406029007,Tier 3
334,5406027023,Tier 3
335,5406026029,Tier 2
336,5406022128,Tier 2
337,5406025005,Tier 2
338,5408020004,Tier 3
339,5408016002,Tier 3
340,5408017904,Tier 3
341,5406029003,Tier 3
342,5407010012,Tier 3
343,5406024011,Tier 3
344,5406028096,Tier 3
345,5408030035,Tier 4
346,5406022092,Tier 2
347,5406028100,Tier 3
348,5414005051,Tier 4
349,5407017052,Tier 3
350,5406028028,Tier 3
351,5408032009,Tier 4
352,5409016031,Tier 4
353,5406022037,Tier 2
354,5409004007,Tier 3
355,5409019901,Tier 3
356,5406029002,Tier 3
357,5408030034,Tier 4
358,5408019027,Tier 3
359,5406024061,Tier 2
360,5409008001,Tier 4
361,5406024046,Tier 2
362,5408032013,Tier 4
363,5406028029,Tier 3
364,5406027002,Tier 2
365,5407023024,Tier 3
366,5406028030,Tier 3
367,5414003012,Tier 3
368,5407004006,Tier 3
369,5406028147,Tier 3
370,5407017029,Tier 3
371,5407020015,Tier 3
372,5409006024,Tier 3
373,5414005062,Tier 4
374,5406028136,Tier 3
375,5407017014,Tier 3
376,5408031008,Tier 4
377,5409016006,Tier 4
378,5414005063,Tier 4
379,5406024030,Tier 3
380,5408019023,Tier 3
381,5406022051,Tier 2
382,5409016029,Tier 4
383,5414003014,Tier 3
384,5408032001,Tier 4
385,5408020009,Tier 3
386,5414008015,Tier 4
387,5409017905,Tier 4
388,5414004900,Tier 4
389,5406027005,Tier 3
390,5406028084,Tier 3
391,5406028053,Tier 3
392,5407016012,Tier 3
393,5406026022,Tier 2
394,5406025042,Tier 2
395,5407005005,Tier 3
396,5406022106,Tier 2
397,5409016012,Tier 4
398,5408019029,Tier 3
399,5406028118,Tier 3
400,5408019024,Tier 3
401,5409006057,Tier 3
402,5407023025,Tier 3
403,5406028149,Tier 3
404,5407022018,Tier 3
405,5409020906,Tier 3
406,5407007018,Tier 3
407,5407017027,Tier 3
408,5406028126,Tier 3
409,5414006022,Tier 4
410,5406027018,Tier 3
411,5407024019,Tier 3
412,5406025019,Tier 2
413,5408032014,Tier 4
414,5407012004,Tier 3
415,5407013006,Tier 3
416,5406028077,Tier 3
417,5406028072,Tier 3
418,5409006055,Tier 3
419,5407005014,Tier 3
420,5407001908,Tier 3
421,5406022100,Tier 2
422,5414008002,Tier 4
423,5414011026,Tier 4
424,5409013912,Tier 3
425,5406028140,Tier 3
426,5406030904,Tier 3
427,5409015914,Tier 4
428,5414005060,Tier 4
429,5414005057,Tier 4
430,5409015921,Tier 3
431,5409014904,Tier 3
432,5414005044,Tier 4
433,5407005010,Tier 3
434,5414012010,Tier 4
435,5408025001,Tier 3
436,5406024062,Tier 2
437,5414008009,Tier 4
438,5407023008,Tier 3
439,5409009007,Tier 4
440,5414003011,Tier 3
441,5406022046,Tier 2
442,5409006021,Tier 3
443,5407012006,Tier 3
444,5409008005,Tier 4
445,5407022010,Tier 3
446,5406028012,Tier 3
447,5406028110,Tier 3
448,5406027024,Tier 2
449,5407014024,Tier 3
450,5414005065,Tier 4
451,5407010017,Tier 3
452,5406028066,Tier 3
453,5406030018,Tier 3
454,5406024063,Tier 2
455,5409012906,Tier 3
456,5406022097,Tier 2
457,5409016007,Tier 4
458,5407007010,Tier 3
459,5408019017,Tier 3
460,5414005052,Tier 4
461,5406022027,Tier 2
462,5409015026,Tier 3
463,5406028040,Tier 3
464,5407017038,Tier 3
465,5407023013,Tier 3
466,5407008009,Tier 3
467,5407017054,Tier 3
468,5406028105,Tier 3
469,5409019903,Tier 3
470,5407006018,Tier 3
471,5406026011,Tier 2
472,5409012807,Tier 3
473,5414011008,Tier 4
474,5406028007,Tier 3
475,5407017051,Tier 3
476,5409016021,Tier 4
477,5407010003,Tier 3
478,5409018919,Tier 4
479,5406025022,Tier 2
480,5407004019,Tier 3
481,5414005014,Tier 4
482,5407017033,Tier 3
483,5406028076,Tier 3
484,5408030002,Tier 4
485,5408019034,Tier 3
486,5406028063,Tier 3
487,5414012006,Tier 4
488,5407006023,Tier 3
489,5409014906,Tier 3
490,5407022019,Tier 3
491,5408030017,Tier 4
492,5408027902,Tier 3
493,5407006014,Tier 3
494,5407007012,Tier 3
495,5414001009,Tier 3
496,5406028081,Tier 3
497,5408019040,Tier 3
498,5407017028,Tier 3
499,5406024054,Tier 2
500,5406028112,Tier 3
501,5407013002,Tier 3
502,5409006028,Tier 3
503,5408030031,Tier 4
504,5408029001,Tier 4
505,5414008013,Tier 4
506,5407018003,Tier 3
507,5407005006,Tier 3
508,5406024035,Tier 3
509,5408016009,Tier 3
510,5406026010,Tier 2
511,5408018028,Tier 3
512,5408027006,Tier 4
513,5409013913,Tier 3
514,5406026009,Tier 2
515,5407009016,Tier 3
516,5414005058,Tier 4
517,5407019007,Tier 3
518,5407020019,Tier 3
519,5407025008,Tier 3
520,5408019019,Tier 3
521,5406028090,Tier 3
522,5408023006,Tier 3
523,5409006058,Tier 3
524,5408033904,Tier 4
525,5406022129,Tier 2
526,5406022113,Tier 2
527,5408019007,Tier 3
528,5406028123,Tier 3
529,5407005009,Tier 3
530,5406022047,Tier 2
531,5408031015,Tier 4
532,5408022002,Tier 3
533,5414005018,Tier 4
534,5414005015,Tier 4
535,5406029010,Tier 3
536,5406028036,Tier 3
537,5406028088,Tier 3
538,5409020911,Tier 3
539,5406022066,Tier 2
540,5414001004,Tier 3
541,5406030035,Tier 3
542,5414005035,Tier 4
543,5407017031,Tier 3
544,5407005004,Tier 3
545,5406024036,Tier 3
546,5409019907,Tier 3
547,5407007013,Tier 3
548,5409006054,Tier 3
549,5407025018,Tier 3
550,5409011900,Tier 3
551,5414007028,Tier 4
552,5407004005,Tier 3
553,5408019041,Tier 3
554,5406025008,Tier 2
555,5409006017,Tier 3
556,5407011004,Tier 3
557,5408019053,Tier 3
558,5408033003,Tier 4
559,5415018901,Tier 2
560,5409012907,Tier 1
561,5414006019,Tier 4
562,5406026015,Tier 2
563,5408023005,Tier 3
564,5409008006,Tier 4
565,5406026017,Tier 2
566,5407010006,Tier 3
567,5409006009,Tier 3
568,5408030025,Tier 4
569,5406024042,Tier 2
570,5407017004,Tier 3
571,5409007003,Tier 4
572,5408014015,Tier 4
573,5407005022,Tier 3
574,5406026016,Tier 2
575,5407012003,Tier 3
576,5406024053,Tier 2
577,5414005053,Tier 4
578,5407016013,Tier 3
579,5406028145,Tier 3
580,5406022125,Tier 2
581,5407023011,Tier 3
582,5406023001,Tier 3
583,5406028027,Tier 3
584,5406025058,Tier 2
585,5407023015,Tier 3
586,5407007047,Tier 3
587,5407022026,Tier 3
588,5414011023,Tier 4
589,5406025006,Tier 2
590,5406022074,Tier 2
591,5407024016,Tier 3
592,5414009003,Tier 4
593,5406025047,Tier 2
594,5408030028,Tier 4
595,5406025048,Tier 2
596,5406024025,Tier 3
597,5414005006,Tier 4
598,5406028099,Tier 3
599,5406027019,Tier 3
600,5409018918,Tier 4
601,5408032011,Tier 4
602,5409006051,Tier 3
603,5408019042,Tier 3
604,5407012001,Tier 3
605,5408033005,Tier 4
606,5406028151,Tier 3
607,5407007022,Tier 3
608,5408031009,Tier 4
609,5409018916,Tier 3
610,5407017035,Tier 3
611,5407011011,Tier 3
612,5406026003,Tier 2
613,5407010005,Tier 3
614,5407011009,Tier 3
615,5407023018,Tier 3
616,5406028068,Tier 3
617,5409005035,Tier 3
618,5406022127,Tier 2
619,5410002900,Tier 3
620,5406028074,Tier 3
621,5408016013,Tier 3
622,5414008012,Tier 4
623,5406024060,Tier 2
624,5407017015,Tier 3
625,5408014018,Tier 3
626,5407011012,Tier 3
627,5406022105,Tier 2
628,5408019026,Tier 3
629,5407018022,Tier 3
630,5406024064,Tier 2
631,5406022041,Tier 2
632,5408024013,Tier 3
633,5406028010,Tier 3
634,5408032012,Tier 4
635,5407012009,Tier 3
636,5414011016,Tier 4
637,5408021015,Tier 3
638,5406028022,Tier 3
639,5409006059,Tier 3
640,5414005004,Tier 4
641,5409019904,Tier 3
642,5406025046,Tier 2
643,5407017055,Tier 3
644,5408030008,Tier 4
645,5406028048,Tier 3
646,5414011030,Tier 4
647,5408032006,Tier 4
648,5407017005,Tier 3
649,5409005023,Tier 3
650,5406025057,Tier 2
651,5406028038,Tier 3
652,5406024034,Tier 3
653,5408022004,Tier 3
654,5409008004,Tier 4
655,5406022107,Tier 2
656,5414005045,Tier 4
657,5414009002,Tier 4
658,5406025004,Tier 2
659,5406022085,Tier 2
660,5409016004,Tier 4
661,5409020904,Tier 3
662,5414011009,Tier 4
663,5414005041,Tier 4
664,5406024055,Tier 2
665,5408030021,Tier 4
666,5414005069,Tier 4
667,5408024006,Tier 3
668,5407009020,Tier 3
669,5406030030,Tier 3
670,5407004011,Tier 3
671,5407014023,Tier 3
672,5408013030,Tier 4
673,5407007037,Tier 3
674,5414012002,Tier 4
675,5407017023,Tier 3
676,5409014001,Tier 3
677,5406024010,Tier 3
678,5406028061,Tier 3
679,5407012007,Tier 3
680,5408028908,Tier 3
681,5409004002,Tier 3
682,5406024027,Tier 3
683,5407010008,Tier 3
684,5406028051,Tier 3
685,5408023003,Tier 3
686,5408013011,Tier 4
687,5406028117,Tier 3
688,5407023012,Tier 3
689,5414006027,Tier 4
690,5406022121,Tier 2
691,5406028137,Tier 3
692,5406022087,Tier 2
693,5407018012,Tier 3
694,5406028023,Tier 3
695,5406028120,Tier 3
696,5407025019,Tier 3
697,5406028033,Tier 3
698,5407011014,Tier 3
699,5408013032,Tier 4
700,5406022114,Tier 2
701,5408013017,Tier 4
702,5406022126,Tier 2
703,5407007016,Tier 3
704,5408032019,Tier 4
705,5407017047,Tier 3
706,5407011003,Tier 3
707,5407017020,Tier 3
708,5414012016,Tier 4
709,5406028107,Tier 3
710,5408025012,Tier 3
711,5414005033,Tier 4
712,5408013029,Tier 4
713,5409005031,Tier 3
714,5406028024,Tier 3
715,5406025052,Tier 2
716,5407007009,Tier 3
717,5407008001,Tier 3
718,5408016017,Tier 3
719,5407004041,Tier 3
720,5406024049,Tier 2
721,5409005024,Tier 3
722,5406028111,Tier 3
723,5408019020,Tier 3
724,5406022069,Tier 2
725,5407013008,Tier 3
726,5408033008,Tier 4
727,5408014011,Tier 4
728,5407011015,Tier 3
729,5407007043,Tier 3
730,5407012017,Tier 3
731,5414005042,Tier 4
732,5407023001,Tier 3
733,5408016018,Tier 3
734,5407018026,Tier 3
735,5407005013,Tier 3
736,5406027014,Tier 3
737,5406028080,Tier 3
738,5407005008,Tier 3
739,5406025033,Tier 2
740,5406022062,Tier 2
741,5406022048,Tier 2
742,5409020909,Tier 3
743,5406022053,Tier 2
744,5406028047,Tier 3
745,5406022073,Tier 2
746,5414005031,Tier 4
747,5408019006,Tier 3
748,5407006017,Tier 3
749,5406022071,Tier 2
750,5414005066,Tier 4
751,5408019014,Tier 3
752,5407018010,Tier 3
753,5407017039,Tier 3
754,5407017057,Tier 3
755,5409005022,Tier 3
756,5406030021,Tier 3
757,5414006001,Tier 4
758,5406027017,Tier 3
759,5408014009,Tier 3
760,5406022045,Tier 2
761,5407023023,Tier 3
762,5407017017,Tier 3
763,5406027013,Tier 3
764,5409010806,Tier 3
765,5409023946,Tier 4
766,5414010003,Tier 4
767,5406024059,Tier 2
768,5406026020,Tier 2
769,5408016014,Tier 3
770,5406028150,Tier 3
771,5408019045,Tier 3
772,5406028103,Tier 3
773,5409014905,Tier 3
774,5406024056,Tier 2
775,5407022002,Tier 3
776,5406028056,Tier 3
777,5409006048,Tier 3
778,5414005024,Tier 4
779,5414007026,Tier 4
780,5406025009,Tier 2
781,5406028058,Tier 3
782,5407017040,Tier 3
783,5406025003,Tier 2
784,5408020006,Tier 4
785,5408018003,Tier 3
786,5406028062,Tier 3
787,5408013026,Tier 4
788,5406022122,Tier 2
789,5406022110,Tier 2
790,5406022136,Tier 2
791,5408014012,Tier 3
792,5408017905,Tier 3
793,5406028095,Tier 3
794,5408032027,Tier 4
795,5414005050,Tier 4
796,5406024024,Tier 3
797,5408030020,Tier 4
798,5408024007,Tier 4
799,5408015003,Tier 3
800,5407018002,Tier 3
801,5414005064,Tier 4
802,5409003041,Tier 3
803,5408023004,Tier 3
804,5409006019,Tier 3
805,5406022094,Tier 2
806,5408028013,Tier 3
807,5406022109,Tier 2
808,5406022076,Tier 2
809,5406023005,Tier 3
810,5408025900,Tier 3
811,5406022068,Tier 2
812,5406024067,Tier 2
813,5408032024,Tier 4
814,5408020003,Tier 3
815,5414008006,Tier 4
816,5408022003,Tier 3
817,5406028052,Tier 3
818,5407017044,Tier 3
819,5406024065,Tier 2
820,5406027016,Tier 3
821,5408026903,Tier 3
822,5406022070,Tier 2
823,5406022058,Tier 2
824,5414015010,Tier 4
825,5407022027,Tier 3
826,5408020005,Tier 4
827,5406028134,Tier 3
828,5414009005,Tier 4
829,5407005019,Tier 3
830,5408014017,Tier 3
831,5406028109,Tier 3
832,5407005001,Tier 3
833,5407017021,Tier 3
834,5406028124,Tier 3
835,5414011031,Tier 4
836,5406026013,Tier 2
837,5407017016,Tier 3
838,5406028098,Tier 3
839,5406026006,Tier 2
840,5406024033,Tier 3
841,5406028154,Tier 3
842,5409006053,Tier 3
843,5414005054,Tier 4
844,5414013901,Tier 4
845,5407009012,Tier 3
846,5408014010,Tier 4
847,5408019052,Tier 3
848,5406027009,Tier 3
849,5414014001,Tier 4
850,5407018023,Tier 3
851,5406025024,Tier 2
852,5409019900,Tier 3
853,5406028049,Tier 3
854,5406022042,Tier 2
855,5406028108,Tier 3
856,5406028054,Tier 3
857,5408019021,Tier 3
858,5407017022,Tier 3
859,5414011021,Tier 4
860,5407009007,Tier 3
861,5406028085,Tier 3
862,5414002010,Tier 3
863,5408014014,Tier 4
864,5408033016,Tier 4
865,5406025032,Tier 2
866,5408028004,Tier 4
867,5406025035,Tier 2
868,5406029013,Tier 3
869,5406030036,Tier 3
870,5409012903,Tier 3
871,5408028909,Tier 4
872,5406030038,Tier 3
873,5414008007,Tier 4
874,5406026012,Tier 2
875,5407022024,Tier 3
876,5408019056,Tier 3
877,5409012800,Tier 3
878,5414010005,Tier 4
879,5407006008,Tier 3
880,5406026018,Tier 2
881,5406028125,Tier 3
882,5406025049,Tier 2
883,5406024045,Tier 2
884,5406027004,Tier 3
885,5409009011,Tier 4
886,5407019001,Tier 3
887,5407017037,Tier 3
888,5406022116,Tier 2
889,5406028128,Tier 3
890,5407013005,Tier 3
891,5406028078,Tier 3
892,5408013031,Tier 4
893,5407006009,Tier 3
894,5406028153,Tier 3
895,5406024050,Tier 2
896,5406024028,Tier 3
897,5414011014,Tier 4
898,5409010032,Tier 3
899,5406022054,Tier 2
900,5406025043,Tier 2
901,5406028079,Tier 3
902,5406028060,Tier 3
903,5409019906,Tier 3
904,5406022075,Tier 2
905,5408019058,Tier 3
906,5406028042,Tier 3
907,5407021902,Tier 3
908,5409020902,Tier 3
909,5409015922,Tier 4
910,5408016006,Tier 3
911,5406022034,Tier 2
912,5406028144,Tier 3
913,5406027021,Tier 3
914,5406025031,Tier 2
915,5406028142,Tier 3
916,5406022112,Tier 2
917,5408013024,Tier 4
918,5408033015,Tier 4
919,5406028044,Tier 3
920,5407022009,Tier 3
921,5414006013,Tier 4
922,5414008008,Tier 4
923,5406026002,Tier 2
924,5408033006,Tier 3
925,5409005026,Tier 3
926,5407006016,Tier 3
927,5414005025,Tier 4
928,5407007038,Tier 3
929,5406026008,Tier 2
930,5407014022,Tier 3
931,5409006050,Tier 3
932,5406025018,Tier 2
933,5407011007,Tier 3
934,5407023005,Tier 3
935,5406028070,Tier 3
936,5407007048,Tier 3
937,5407005017,Tier 3
938,5406028113,Tier 3
939,5408033007,Tier 3
940,5408030027,Tier 4
941,5406024041,Tier 2
942,5406022090,Tier 2
943,5407023026,Tier 3
944,5408023001,Tier 3
945,5406028073,Tier 3
946,5407019006,Tier 3
947,5414012011,Tier 4
948,5409017906,Tier 4
949,5406024040,Tier 2
950,5409011901,Tier 3
951,5408021016,Tier 3
952,5407012010,Tier 3
953,5406022117,Tier 2
954,5408019037,Tier 3
955,5407005011,Tier 3
956,5407018025,Tier 3
957,5407009017,Tier 3
958,5409003029,Tier 3
959,5406022093,Tier 2
960,5414005023,Tier 4
961,5407018005,Tier 3
962,5407009006,Tier 3
963,5408021002,Tier 3
964,5408013025,Tier 4
965,5407017056,Tier 3
966,5406026014,Tier 2
967,5408018023,Tier 3
968,5409020901,Tier 3
969,5406024047,Tier 2
970,5407007035,Tier 3
971,5414012015,Tier 4
972,5414005055,Tier 4
973,5406028129,Tier 3
974,5409004006,Tier 3
975,5407023006,Tier 3
976,5408016001,Tier 3
977,5406022055,Tier 2
978,5414007900,Tier 4
979,5408016008,Tier 3
980,5407010014,Tier 3
981,5409017904,Tier 4
982,5406030020,Tier 3
983,5407009015,Tier 3
984,5414011025,Tier 4
985,5406026005,Tier 2
986,5409020907,Tier 3
987,5409009009,Tier 3
988,5407012008,Tier 3
989,5406028115,Tier 3
990,5407018018,Tier 3
991,5406022036,Tier 2
992,5414005009,Tier 4
993,5407010004,Tier 3
994,5414012001,Tier 4
995,5409005030,Tier 3
996,5406027007,Tier 3
997,5409014902,Tier 3
998,5409015024,Tier 3
999,5406026031,Tier 2
1000,5406022139,Tier 2
1001,5406028135,Tier 3
1002,5409018917,Tier 3
1003,5414005029,Tier 4
1004,5406025051,Tier 2
1005,5408030030,Tier 4
1006,5409006023,Tier 3
1007,5406028065,Tier 3
1008,5406022035,Tier 2
1009,5406022038,Tier 2
1010,5406022040,Tier 2
1011,5406022043,Tier 2
1012,5406022044,Tier 2
1013,5406022049,Tier 2
1014,5406022050,Tier 2
1015,5406022059,Tier 2
1016,5406022060,Tier 2
1017,5406022086,Tier 2
1018,5406022095,Tier 2
1019,5406022099,Tier 2
1020,5406022101,Tier 2
1021,5406022104,Tier 2
1022,5406022108,Tier 2
1023,5406022124,Tier 2
1024,5406023002,Tier 3
1025,5406024012,Tier 3
1026,5406024037,Tier 3
1027,5406024043,Tier 2
1028,5406024048,Tier 2
1029,5406024051,Tier 2
1030,5406025001,Tier 2
1031,5406025002,Tier 2
1032,5406025023,Tier 2
1033,5406025038,Tier 2
1034,5406025041,Tier 2
1035,5406026019,Tier 2
1036,5406026021,Tier 2
1037,5406030028,Tier 3
1038,5407005012,Tier 3
1039,5407005016,Tier 3
1040,5407005020,Tier 3
1041,5407006015,Tier 3
1042,5407006024,Tier 3
1043,5407007041,Tier 3
1044,5407007044,Tier 3
1045,5407007045,Tier 3
1046,5407007046,Tier 3
1047,5407008005,Tier 3
1048,5407009003,Tier 3
1049,5407009013,Tier 3
1050,5407010013,Tier 3
1051,5407010016,Tier 3
1052,5407011006,Tier 3
1053,5407011008,Tier 3
1054,5407011013,Tier 3
1055,5407012011,Tier 3
1056,5407016011,Tier 3
1057,5407017032,Tier 3
1058,5407017034,Tier 3
1059,5407017043,Tier 3
1060,5407017049,Tier 3
1061,5407017050,Tier 3
1062,5407018006,Tier 3
1063,5407018007,Tier 3
1064,5407019008,Tier 3
1065,5407019009,Tier 3
1066,5407019019,Tier 3
1067,5407019020,Tier 3
1068,5407020001,Tier 3
1069,5407022003,Tier 3
1070,5407022006,Tier 3
1071,5407022007,Tier 3
1072,5407022025,Tier 3
1073,5407024009,Tier 3
1074,5407024015,Tier 3
1075,5407024023,Tier 3
1076,5408013034,Tier 4
1077,5408014003,Tier 4
1078,5408014008,Tier 4
1079,5408014019,Tier 4
1080,5408015004,Tier 3
1081,5408016004,Tier 3
1082,5408016900,Tier 3
1083,5408018021,Tier 3
1084,5408019008,Tier 3
1085,5408019009,Tier 3
1086,5408019028,Tier 3
1087,5408019030,Tier 3
1088,5408019038,Tier 3
1089,5408019043,Tier 3
1090,5408019048,Tier 3
1091,5408019049,Tier 3
1092,5408019057,Tier 3
1093,5408019061,Tier 3
1094,5408020008,Tier 3
1095,5408027008,Tier 4
1096,5408030015,Tier 4
1097,5408030022,Tier 4
1098,5408030023,Tier 4
1099,5408031007,Tier 4
1100,5408032008,Tier 4
1101,5408032010,Tier 4
1102,5408033017,Tier 4
1103,5409003028,Tier 3
1104,5409003040,Tier 3
1105,5409003042,Tier 3
1106,5409004010,Tier 3
1107,5409004015,Tier 3
1108,5409006010,Tier 3
1109,5409006012,Tier 3
1110,5409006018,Tier 3
1111,5409006022,Tier 3
1112,5409006026,Tier 3
1113,5409007001,Tier 4
1114,5409008003,Tier 4
1115,5409008015,Tier 4
1116,5409008016,Tier 4
1117,5409010031,Tier 4
1118,5409010807,Tier 3
1119,5409012908,Tier 3
1120,5409015025,Tier 3
1121,5409015027,Tier 4
1122,5409016013,Tier 4
1123,5409016015,Tier 4
1124,5409018920,Tier 4
1125,5409019905,Tier 3
1126,5409020908,Tier 3
1127,5414004008,Tier 4
1128,5414005002,Tier 4
1129,5414005005,Tier 4
1130,5414005007,Tier 4
1131,5414005017,Tier 4
1132,5414005026,Tier 4
1133,5414005030,Tier 4
1134,5414005039,Tier 4
1135,5414005046,Tier 4
1136,5414005047,Tier 4
1137,5414005048,Tier 4
1138,5414006002,Tier 4
1139,5414006004,Tier 4
1140,5414006018,Tier 4
1141,5414006026,Tier 4
1142,5414006029,Tier 4
1143,5414007007,Tier 4
1144,5414008014,Tier 4
1145,5414008016,Tier 4
1146,5414008018,Tier 4
1147,5414009004,Tier 4
1148,5414009008,Tier 4
1149,5414010001,Tier 4
1150,5414010004,Tier 4
1151,5406022102,Tier 2
1152,5406027003,Tier 3
1153,5406027006,Tier 3
1154,5406027015,Tier 3
1155,5406028020,Tier 3
1156,5406028037,Tier 3
1157,5406028067,Tier 3
1158,5406028071,Tier 3
1159,5406028086,Tier 3
1160,5406028132,Tier 3
1161,5406028143,Tier 3
1162,5406028146,Tier 3
1163,5406028152,Tier 3
1164,5406029009,Tier 3
1165,5414015008,Tier 4
1166,5406028039,Tier 3
1167,5406028097,Tier 3
1168,5406028102,Tier 3
1169,5406028114,Tier 3
1170,5406028122,Tier 3
1171,5406029011,Tier 3
1172,5406030037,Tier 3
1173,5409001005,Not Eligible
1174,5409001009,Not Eligible
1175,5409001010,Not Eligible
1176,5409002009,Not Eligible
1177,5409002010,Not Eligible
1178,5409002011,Not Eligible
1179,5409002012,Not Eligible
1180,5409002013,Not Eligible
1181,5409002015,Not Eligible
1182,5409002017,Not Eligible
1183,5409002018,Not Eligible
1184,5409002019,Not Eligible
1185,5409002024,Not Eligible
1186,5409002025,Not Eligible
1187,5409002027,Not Eligible
1188,5409002028,Not Eligible
1189,5409002029,Not Eligible
1190,5409002030,Not Eligible
1191,5409002031,Not Eligible
1192,5409002900,Not Eligible
1193,5409002901,Not Eligible
1194,5409002902,Not Eligible
1195,5409002903,Not Eligible
1196,5409002904,Not Eligible
1197,5409003037,Not Eligible
1198,5409003038,Not Eligible
1199,5409004011,Not Eligible
1200,5409013908,Not Eligible
1201,5409013909,Not Eligible
1202,5409013910,Not Eligible
1203,5409013911,Not Eligible
1204,5409013915,Not Eligible
1205,5414011004,Tier 4
1206,5406028041,Tier 3
1207,5406028130,Tier 3
1208,5406028131,Tier 3
1209,5406028133,Tier 3
1210,5406028141,Tier 3
1211,5406028106,Tier 3
1212,5406030022,Tier 3
1213,5409002023,Not Eligible
1214,5409003036,Not Eligible
1215,5409013905,Not Eligible
1216,5406030019,Tier 3
1217,5406030024,Tier 3
1218,5406030029,Tier 3
1219,5409001903,Not Eligible
1220,5409003018,Not Eligible
1221,5409002005,Not Eligible
1222,5409002021,Not Eligible
1223,5409003023,Not Eligible
1224,5409002008,Not Eligible
1225,5409002022,Not Eligible
1228,5409009010,NaN
1229,5409015906,NaN
1230,5409023926,NaN
1231,5409023948,NaN
1232,5414011017,Tier 4
1233,5414011027,Tier 4
1234,5447027902,Not Eligible
1235,5414011022,Tier 4
1236,5447032900,Not Eligible
1237,5414016805,Tier 4
1238,5414015009,Tier 4
1239,5447027901,Not Eligible
